{
    "Accuracy": 0.38,
    "Precision": 0.5,
    "Recall": 0.38,
    "F1 Score": 0.42,
    "Classification Report": {
        "0": {
            "precision": 0.5,
            "recall": 1.0,
            "f1-score": 0.6666666666666666,
            "support": 1.0
        },
        "2": {
            "precision": 0.0,
            "recall": 0.0,
            "f1-score": 0.0,
            "support": 1.0
        },
        "3": {
            "precision": 0.0,
            "recall": 0.0,
            "f1-score": 0.0,
            "support": 1.0
        },
        "4": {
            "precision": 0.0,
            "recall": 0.0,
            "f1-score": 0.0,
            "support": 2.0
        },
        "6": {
            "precision": 0.6666666666666666,
            "recall": 0.6666666666666666,
            "f1-score": 0.6666666666666666,
            "support": 3.0
        },
        "accuracy": 0.375,
        "macro avg": {
            "precision": 0.2333333333333333,
            "recall": 0.3333333333333333,
            "f1-score": 0.26666666666666666,
            "support": 8.0
        },
        "weighted avg": {
            "precision": 0.3125,
            "recall": 0.375,
            "f1-score": 0.3333333333333333,
            "support": 8.0
        }
    }
}