{
    "Accuracy": 0.46,
    "Precision": 0.51,
    "Recall": 0.46,
    "F1 Score": 0.46,
    "Classification Report": {
        "0": {
            "precision": 0.3333333333333333,
            "recall": 0.25,
            "f1-score": 0.28571428571428575,
            "support": 8.0
        },
        "1": {
            "precision": 1.0,
            "recall": 1.0,
            "f1-score": 1.0,
            "support": 2.0
        },
        "3": {
            "precision": 0.75,
            "recall": 0.5,
            "f1-score": 0.6,
            "support": 6.0
        },
        "4": {
            "precision": 0.45454545454545453,
            "recall": 0.7142857142857143,
            "f1-score": 0.5555555555555556,
            "support": 7.0
        },
        "5": {
            "precision": 0.0,
            "recall": 0.0,
            "f1-score": 0.0,
            "support": 1.0
        },
        "6": {
            "precision": 0.3333333333333333,
            "recall": 0.375,
            "f1-score": 0.35294117647058826,
            "support": 8.0
        },
        "accuracy": 0.46875,
        "macro avg": {
            "precision": 0.47853535353535354,
            "recall": 0.47321428571428575,
            "f1-score": 0.4657018362900716,
            "support": 32.0
        },
        "weighted avg": {
            "precision": 0.4692234848484848,
            "recall": 0.46875,
            "f1-score": 0.4561916433239963,
            "support": 32.0
        }
    }
}